Year,Area,CancerType,AgeAdjustedRate,lci,uci,CaseCount,Population
'1999','Virginia','All Types of Cancer','435','430','440.1','28784','7000174'
'1999','Colorado','All Types of Cancer','449.6','442.6','456.6','16136','4226018'
'1999','Georgia','All Types of Cancer','446.2','441.1','451.2','30356','8045965'
'1999','Hawaii','All Types of Cancer','436.4','424.8','448.3','5372','1210300'
'1999','Idaho','All Types of Cancer','445.9','433.9','458.2','5214','1275674'
'1999','North Carolina','All Types of Cancer','442.2','437.5','446.9','34430','7949361'
'1999','Oklahoma','All Types of Cancer','457.3','450.3','464.5','16100','3437147'
'1999','Texas','All Types of Cancer','468.8','465.5','472','80623','20558220'
'1999','Wyoming','All Types of Cancer','471.9','452.3','492','2205','491780'
'1999','California','All Types of Cancer','466.4','463.9','468.9','136370','33499204'
'1999','Indiana','All Types of Cancer','466.7','461.2','472.2','27779','6044969'
'1999','Kansas','All Types of Cancer','468.3','460.2','476.5','12671','2678338'
'1999','Minnesota','All Types of Cancer','467.6','461.4','473.9','21929','4873481'
'1999','Missouri','All Types of Cancer','478.3','472.6','483.9','27706','5561948'
'1999','North Dakota','All Types of Cancer','461.1','445.1','477.6','3186','644259'
'1999','Pennsylvania','All Types of Cancer','502.5','498.8','506.2','70881','12263805'
'1999','Rhode Island','All Types of Cancer','539.7','526.2','553.5','6118','1040402'
'1999','South Carolina','All Types of Cancer','483.9','477','490.9','18879','3974682'
'1999','South Dakota','All Types of Cancer','null','null','null','Data Suppressed','null'
'1999','Vermont','All Types of Cancer','515.6','497.8','533.8','3186','604683'
'1999','Washington','All Types of Cancer','517.8','511.7','523.8','28175','5842564'
'1999','West Virginia','All Types of Cancer','502.3','492.8','512.1','10542','1811799'
'1999','Wisconsin','All Types of Cancer','496.1','490.2','502.1','26904','5332666'
'1999','Alaska','All Types of Cancer','505.9','481.4','531.3','1966','624779'
'1999','Arkansas','All Types of Cancer','null','null','null','Data Suppressed','null'
'1999','Connecticut','All Types of Cancer','516.3','508.9','523.8','18697','3386401'
'1999','Delaware','All Types of Cancer','503.2','487.6','519.2','3972','774990'
'1999','District of Columbia','All Types of Cancer','534.6','515.5','554.2','2982','570213'
'1999','Florida','All Types of Cancer','512.1','508.9','515.4','100261','15759421'
'1999','Illinois','All Types of Cancer','494.8','490.8','498.8','58868','12359020'
'1999','Iowa','All Types of Cancer','489','481.3','496.7','15807','2917634'
'1999','Kentucky','All Types of Cancer','519.6','512.6','526.7','20889','4018053'
'1999','Louisiana','All Types of Cancer','493.2','486.5','500','20442','4460811'
'1999','Maine','All Types of Cancer','511.3','499.5','523.3','7174','1266808'
'1999','Maryland','All Types of Cancer','498.9','492.7','505.1','24810','5254509'
'1999','Massachusetts','All Types of Cancer','515.4','510','521','33909','6317345'
'1999','Michigan','All Types of Cancer','523.2','518.6','527.8','50676','9897116'
'1999','Mississippi','All Types of Cancer','null','null','null','Data Suppressed','null'
'1999','Montana','All Types of Cancer','486.9','472.9','501.3','4592','897507'
'1999','Nebraska','All Types of Cancer','485.3','475.1','495.8','8537','1704764'
'1999','New Hampshire','All Types of Cancer','489.4','477','502.1','5865','1222014'
'1999','New Jersey','All Types of Cancer','519.6','514.8','524.4','45035','8359592'
'1999','New York','All Types of Cancer','494.8','491.6','498','94523','18882725'
'1999','Ohio','All Types of Cancer','488.3','484.3','492.3','57131','11335454'
'1999','Oregon','All Types of Cancer','509.3','501.8','516.9','17611','3393941'
'1999','Tennessee','All Types of Cancer','389.9','384.7','395.1','22081','5638706'
'1999','Utah','All Types of Cancer','416.2','406.2','426.4','6627','2203482'
'1999','Alabama','All Types of Cancer','425.2','419.2','431.3','19294','4430141'
'1999','Arizona','All Types of Cancer','422.9','417.2','428.7','21265','5023823'
'1999','Nevada','All Types of Cancer','420.2','410.6','430','7591','1934718'
'1999','New Mexico','All Types of Cancer','431.5','421.6','441.5','7300','1808082'
'2000','Colorado','All Types of Cancer','453.9','447','460.9','16774','4326921'
'2000','Virginia','All Types of Cancer','438.6','433.6','443.7','29629','7105817'
'2000','California','All Types of Cancer','460.1','457.7','462.5','137413','33987977'
'2000','Georgia','All Types of Cancer','473.2','468','478.4','32991','8227303'
'2000','Idaho','All Types of Cancer','475.4','463.1','488','5678','1299430'
'2000','Kansas','All Types of Cancer','467.9','459.8','476.2','12742','2693681'
'2000','Minnesota','All Types of Cancer','479.5','473.3','485.8','22831','4933692'
'2000','Missouri','All Types of Cancer','469.7','464.1','475.3','27501','5607285'
'2000','North Carolina','All Types of Cancer','459.1','454.4','463.9','36443','8081614'
'2000','North Dakota','All Types of Cancer','459.4','443.5','475.7','3202','642023'
'2000','Ohio','All Types of Cancer','473.7','469.8','477.7','55862','11363543'
'2000','Oklahoma','All Types of Cancer','459.4','452.4','466.5','16351','3454365'
'2000','South Carolina','All Types of Cancer','476.8','470','483.6','18989','4024223'
'2000','Texas','All Types of Cancer','472.6','469.4','475.8','83171','20944499'
'2000','Wyoming','All Types of Cancer','465.3','446.1','485.1','2232','494300'
'2000','Utah','All Types of Cancer','402.2','392.4','412.1','6560','2244502'
'2000','Tennessee','All Types of Cancer','402.6','397.4','407.8','23159','5703719'
'2000','Alabama','All Types of Cancer','433','427','439.1','19858','4452173'
'2000','Alaska','All Types of Cancer','515','490.8','540.1','2054','627963'
'2000','Arizona','All Types of Cancer','427.5','421.9','433.2','22051','5160586'
'2000','Arkansas','All Types of Cancer','null','null','null','Data Suppressed','null'
'2000','Connecticut','All Types of Cancer','524.9','517.5','532.4','19200','3411777'
'2000','Delaware','All Types of Cancer','516.9','501.2','532.9','4156','786373'
'2000','District of Columbia','All Types of Cancer','529.7','510.8','549.2','2965','572046'
'2000','Florida','All Types of Cancer','520.9','517.7','524.1','103627','16047515'
'2000','Hawaii','All Types of Cancer','418.5','407.3','430','5260','1213519'
'2000','Illinois','All Types of Cancer','493.4','489.5','497.4','59185','12434161'
'2000','Indiana','All Types of Cancer','481.3','475.7','486.8','28948','6091866'
'2000','Iowa','All Types of Cancer','485.5','477.9','493.2','15758','2929067'
'2000','Kentucky','All Types of Cancer','523.2','516.2','530.3','21362','4049021'
'2000','Louisiana','All Types of Cancer','493.9','487.2','500.7','20739','4471885'
'2000','Maine','All Types of Cancer','531.7','519.8','543.9','7598','1277072'
'2000','Maryland','All Types of Cancer','495.1','488.9','501.2','25116','5311034'
'2000','Massachusetts','All Types of Cancer','518.2','512.8','523.7','34462','6361104'
'2000','Michigan','All Types of Cancer','522.2','517.7','526.8','51218','9952450'
'2000','Mississippi','All Types of Cancer','null','null','null','Data Suppressed','null'
'2000','Montana','All Types of Cancer','499.2','485.2','513.6','4792','903773'
'2000','Nebraska','All Types of Cancer','485.5','475.3','496','8589','1713820'
'2000','Nevada','All Types of Cancer','512.8','502.4','523.4','9626','2018741'
'2000','New Hampshire','All Types of Cancer','507.5','494.9','520.3','6223','1239882'
'2000','New Jersey','All Types of Cancer','526','521.2','530.9','46119','8430621'
'2000','New Mexico','All Types of Cancer','420','410.4','429.8','7275','1821204'
'2000','New York','All Types of Cancer','502.5','499.4','505.7','97321','19001780'
'2000','Oregon','All Types of Cancer','497.2','489.8','504.6','17455','3429708'
'2000','Pennsylvania','All Types of Cancer','504.4','500.6','508.1','71385','12284173'
'2000','Rhode Island','All Types of Cancer','539.7','526.2','553.4','6166','1050268'
'2000','South Dakota','All Types of Cancer','null','null','null','Data Suppressed','null'
'2000','Vermont','All Types of Cancer','490.9','473.7','508.5','3099','609618'
'2000','Washington','All Types of Cancer','506.7','500.8','512.7','28085','5910512'
'2000','West Virginia','All Types of Cancer','503.9','494.3','513.6','10628','1807021'
'2000','Wisconsin','All Types of Cancer','487.9','482.1','493.8','26743','5373999'
'2001','Alabama','All Types of Cancer','454.6','448.5','460.8','21084','4467634'
'2001','Arizona','All Types of Cancer','438.8','433.1','444.5','23240','5273477'
'2001','Arkansas','All Types of Cancer','457.7','449.9','465.5','13251','2691571'
'2001','Hawaii','All Types of Cancer','434.6','423.3','446.2','5591','1225948'
'2001','Wyoming','All Types of Cancer','457.4','438.5','476.9','2227','494657'
'2001','California','All Types of Cancer','467.1','464.6','469.5','142375','34479458'
'2001','Colorado','All Types of Cancer','470.6','463.7','477.7','17823','4425687'
'2001','Idaho','All Types of Cancer','470.1','458','482.4','5751','1319962'
'2001','Kansas','All Types of Cancer','464.1','456','472.2','12732','2702162'
'2001','Maryland','All Types of Cancer','476.2','470.3','482.2','24621','5374691'
'2001','Missouri','All Types of Cancer','478.4','472.9','484','28309','5641142'
'2001','North Carolina','All Types of Cancer','462.6','457.9','467.3','37385','8210122'
'2001','North Dakota','All Types of Cancer','465.7','449.8','482.1','3268','639062'
'2001','Oklahoma','All Types of Cancer','470.1','463.1','477.3','16859','3467100'
'2001','New York','All Types of Cancer','501.6','498.5','504.8','98156','19082838'
'2001','Ohio','All Types of Cancer','485.3','481.4','489.3','57658','11387404'
'2001','Oregon','All Types of Cancer','499.6','492.3','507','17854','3467937'
'2001','Pennsylvania','All Types of Cancer','525','521.2','528.8','74693','12298970'
'2001','Rhode Island','All Types of Cancer','535.5','522.1','549.1','6170','1057142'
'2001','South Carolina','All Types of Cancer','487.5','480.7','494.4','19782','4064995'
'2001','South Dakota','All Types of Cancer','485','469.9','500.5','3953','757972'
'2001','Texas','All Types of Cancer','487.3','484.1','490.6','87590','21319622'
'2001','Vermont','All Types of Cancer','499.9','482.7','517.5','3210','612223'
'2001','Washington','All Types of Cancer','520.2','514.2','526.2','29380','5985722'
'2001','West Virginia','All Types of Cancer','516.2','506.6','526','10963','1801481'
'2001','Wisconsin','All Types of Cancer','506.9','501','512.9','28109','5406835'
'2001','Tennessee','All Types of Cancer','400.8','395.7','406','23404','5750789'
'2001','Alaska','All Types of Cancer','516.5','493','540.7','2187','633714'
'2001','Connecticut','All Types of Cancer','531.8','524.4','539.3','19632','3432835'
'2001','Delaware','All Types of Cancer','528','512.4','544.1','4325','795699'
'2001','District of Columbia','All Types of Cancer','518','499.3','537.2','2917','574504'
'2001','Florida','All Types of Cancer','520.6','517.4','523.8','105356','16356966'
'2001','Georgia','All Types of Cancer','483.8','478.6','489','34522','8377038'
'2001','Illinois','All Types of Cancer','503.8','499.8','507.8','60929','12488445'
'2001','Indiana','All Types of Cancer','498.3','492.7','504','30274','6127760'
'2001','Iowa','All Types of Cancer','496.1','488.4','503.8','16227','2931997'
'2001','Kentucky','All Types of Cancer','531.7','524.7','538.8','21910','4068132'
'2001','Louisiana','All Types of Cancer','504.9','498.2','511.7','21427','4477875'
'2001','Maine','All Types of Cancer','541.8','529.9','554','7859','1285692'
'2001','Massachusetts','All Types of Cancer','526.1','520.6','531.7','35241','6397634'
'2001','Michigan','All Types of Cancer','522.5','518','527','51811','9991120'
'2001','Minnesota','All Types of Cancer','491','484.8','497.4','23702','4982796'
'2001','Mississippi','All Types of Cancer','null','null','null','Data Suppressed','null'
'2001','Montana','All Types of Cancer','512.2','498.1','526.7','5002','906961'
'2001','Nebraska','All Types of Cancer','485.6','475.4','496','8675','1719836'
'2001','Nevada','All Types of Cancer','501.6','491.5','511.7','9883','2098399'
'2001','New Hampshire','All Types of Cancer','521.9','509.3','534.8','6520','1255517'
'2001','New Jersey','All Types of Cancer','546.9','542','551.8','48400','8492671'
'2001','New Mexico','All Types of Cancer','432.8','423.2','442.6','7674','1831690'
'2001','Utah','All Types of Cancer','419.7','409.8','429.7','7013','2283715'
'2001','Virginia','All Types of Cancer','421.7','416.9','426.6','29050','7198362'
'2002','New Mexico','All Types of Cancer','434.3','424.8','444.1','7893','1855309'
'2002','Virginia','All Types of Cancer','434.2','429.3','439.1','30622','7286873'
'2002','Wyoming','All Types of Cancer','444.1','425.7','463.1','2224','500017'
'2002','Alabama','All Types of Cancer','456.1','450','462.3','21416','4480089'
'2002','Arkansas','All Types of Cancer','452.6','444.9','460.3','13275','2705927'
'2002','North Carolina','All Types of Cancer','460','455.3','464.6','38118','8326201'
'2002','North Dakota','All Types of Cancer','469.9','453.9','486.3','3319','638168'
'2002','Oklahoma','All Types of Cancer','478.3','471.2','485.5','17352','3489080'
'2002','California','All Types of Cancer','462.6','460.3','465.1','144045','34871843'
'2002','Colorado','All Types of Cancer','463','456.2','469.9','17980','4490406'
'2002','Idaho','All Types of Cancer','475','463','487.2','5968','1340372'
'2002','Kansas','All Types of Cancer','462.6','454.6','470.7','12827','2713535'
'2002','Missouri','All Types of Cancer','478.2','472.7','483.8','28646','5674825'
'2002','Maine','All Types of Cancer','535.8','524','547.8','7911','1295960'
'2002','Maryland','All Types of Cancer','500.8','494.7','506.9','26472','5440389'
'2002','Massachusetts','All Types of Cancer','530.1','524.7','535.7','35916','6417206'
'2002','Michigan','All Types of Cancer','524.6','520.1','529.1','52752','10015710'
'2002','Minnesota','All Types of Cancer','485.5','479.4','491.8','23869','5018935'
'2002','Mississippi','All Types of Cancer','null','null','null','Data Suppressed','null'
'2002','Montana','All Types of Cancer','505.2','491.3','519.5','5010','911667'
'2002','Nebraska','All Types of Cancer','489.6','479.4','500','8814','1728292'
'2002','Nevada','All Types of Cancer','500.4','490.6','510.3','10313','2173791'
'2002','New Hampshire','All Types of Cancer','538.2','525.5','551.2','6868','1269089'
'2002','Tennessee','All Types of Cancer','409.4','404.3','414.6','24346','5795918'
'2002','New Jersey','All Types of Cancer','536.1','531.3','541','48049','8552643'
'2002','New York','All Types of Cancer','501.8','498.7','504.9','99368','19137800'
'2002','Ohio','All Types of Cancer','483.1','479.2','487.1','58038','11407889'
'2002','Oregon','All Types of Cancer','488.2','481.1','495.5','17872','3513424'
'2002','Pennsylvania','All Types of Cancer','517.4','513.7','521.2','74140','12331031'
'2002','Rhode Island','All Types of Cancer','538.3','525','551.9','6248','1065995'
'2002','South Carolina','All Types of Cancer','505.5','498.7','512.5','20951','4107795'
'2002','South Dakota','All Types of Cancer','528','512.3','544.1','4337','760020'
'2002','Texas','All Types of Cancer','481.7','478.5','484.9','88751','21690325'
'2002','Utah','All Types of Cancer','416.7','407','426.6','7180','2324815'
'2002','Vermont','All Types of Cancer','490.7','473.8','508.1','3215','615442'
'2002','Washington','All Types of Cancer','512.4','506.5','518.3','29657','6052349'
'2002','West Virginia','All Types of Cancer','502.2','492.7','511.8','10768','1805414'
'2002','Wisconsin','All Types of Cancer','486.2','480.4','492','27362','5445162'
'2002','Alaska','All Types of Cancer','503','480.4','526.3','2240','642337'
'2002','Arizona','All Types of Cancer','430.9','425.4','436.5','23461','5396255'
'2002','Connecticut','All Types of Cancer','522.9','515.6','530.3','19574','3458749'
'2002','Delaware','All Types of Cancer','516.8','501.5','532.4','4353','806169'
'2002','District of Columbia','All Types of Cancer','551.6','532.3','571.4','3110','573158'
'2002','Florida','All Types of Cancer','506','502.9','509.1','104450','16689370'
'2002','Georgia','All Types of Cancer','486.2','481.1','491.4','35646','8508256'
'2002','Hawaii','All Types of Cancer','426.7','415.6','438','5621','1239613'
'2002','Illinois','All Types of Cancer','510.7','506.7','514.7','62366','12525556'
'2002','Indiana','All Types of Cancer','498.5','493','504.2','30662','6155967'
'2002','Iowa','All Types of Cancer','497.3','489.6','505','16343','2934234'
'2002','Kentucky','All Types of Cancer','524.5','517.5','531.5','21912','4089875'
'2002','Louisiana','All Types of Cancer','500.8','494.1','507.5','21578','4497267'
'2003','Alabama','All Types of Cancer','437.5','431.6','443.5','20815','4503491'
'2003','California','All Types of Cancer','448','445.7','450.3','142620','35253159'
'2003','Colorado','All Types of Cancer','453','446.3','459.7','18082','4528732'
'2003','Nevada','All Types of Cancer','478.5','469.1','488','10344','2248850'
'2003','North Carolina','All Types of Cancer','457.9','453.3','462.5','38888','8422501'
'2003','North Dakota','All Types of Cancer','465.4','449.5','481.7','3299','638817'
'2003','Ohio','All Types of Cancer','471.1','467.2','475','57274','11434788'
'2003','Oregon','All Types of Cancer','470.1','463.1','477.1','17582','3547376'
'2003','Texas','All Types of Cancer','476.5','473.3','479.6','89894','22030931'
'2003','Virginia','All Types of Cancer','458.4','453.4','463.4','32900','7366977'
'2003','Wyoming','All Types of Cancer','462.8','444.2','482','2369','503453'
'2003','Georgia','All Types of Cancer','476.7','471.7','481.7','35803','8622793'
'2003','Idaho','All Types of Cancer','465.6','453.9','477.6','6016','1363380'
'2003','Kansas','All Types of Cancer','470.2','462.2','478.4','13169','2723004'
'2003','Minnesota','All Types of Cancer','474.3','468.2','480.4','23744','5053572'
'2003','Mississippi','All Types of Cancer','465.9','458','473.9','13229','2868312'
'2003','Missouri','All Types of Cancer','476','470.5','481.5','28903','5709403'
'2003','Nebraska','All Types of Cancer','475.9','465.8','486','8648','1738643'
'2003','Arkansas','All Types of Cancer','466.3','458.5','474.2','13849','2724816'
'2003','Alaska','All Types of Cancer','495.2','473','518','2270','648414'
'2003','Connecticut','All Types of Cancer','514.2','506.9','521.5','19524','3484336'
'2003','Delaware','All Types of Cancer','503.1','488.2','518.3','4346','818003'
'2003','District of Columbia','All Types of Cancer','547.6','528.4','567.4','3085','568502'
'2003','Florida','All Types of Cancer','491.6','488.6','494.6','103490','17004085'
'2003','New Hampshire','All Types of Cancer','518','505.7','530.6','6762','1279840'
'2003','New Jersey','All Types of Cancer','511.7','507','516.3','46379','8601402'
'2003','New Mexico','All Types of Cancer','420.7','411.4','430.1','7846','1877574'
'2003','New York','All Types of Cancer','497.3','494.2','500.4','99499','19175939'
'2003','Oklahoma','All Types of Cancer','490.2','483','497.4','17983','3504892'
'2003','Pennsylvania','All Types of Cancer','506','502.3','509.7','73139','12374658'
'2003','Rhode Island','All Types of Cancer','515.5','502.5','528.8','6044','1071342'
'2003','South Carolina','All Types of Cancer','486.5','479.9','493.3','20685','4150297'
'2003','South Dakota','All Types of Cancer','483.8','468.8','499.1','4011','763729'
'2003','Tennessee','All Types of Cancer','429.7','424.4','434.9','25993','5847812'
'2003','Utah','All Types of Cancer','423.1','413.5','432.9','7484','2360137'
'2003','Vermont','All Types of Cancer','505.3','488.2','522.8','3352','617858'
'2003','Washington','All Types of Cancer','504.7','498.9','510.5','29829','6104115'
'2003','West Virginia','All Types of Cancer','486.6','477.3','496.1','10542','1812295'
'2003','Wisconsin','All Types of Cancer','480.9','475.3','486.7','27510','5479203'
'2003','Hawaii','All Types of Cancer','426.5','415.5','437.7','5746','1251154'
'2003','Illinois','All Types of Cancer','493.6','489.6','497.5','61016','12556006'
'2003','Indiana','All Types of Cancer','492','486.5','497.5','30747','6196638'
'2003','Iowa','All Types of Cancer','485.8','478.3','493.4','16076','2941999'
'2003','Kentucky','All Types of Cancer','518.5','511.7','525.4','22017','4117170'
'2003','Louisiana','All Types of Cancer','493.9','487.3','500.6','21621','4521042'
'2003','Maine','All Types of Cancer','529.1','517.5','540.9','7943','1306513'
'2003','Maryland','All Types of Cancer','504.5','498.4','510.5','27233','5496269'
'2003','Massachusetts','All Types of Cancer','513.2','507.9','518.7','35096','6422565'
'2003','Michigan','All Types of Cancer','520.7','516.3','525.1','53109','10041152'
'2003','Montana','All Types of Cancer','493.4','479.8','507.4','4990','919630'
'2003','Arizona','All Types of Cancer','426.6','421.2','432','23917','5510364'
'2004','California','All Types of Cancer','452.2','449.9','454.5','146513','35574576'
'2004','Colorado','All Types of Cancer','447.2','440.6','453.8','18351','4575013'
'2004','Hawaii','All Types of Cancer','437.2','426.1','448.4','6040','1273569'
'2004','Tennessee','All Types of Cancer','450.9','445.6','456.3','27774','5910809'
'2004','Virginia','All Types of Cancer','456.4','451.5','461.4','33540','7475575'
'2004','Wyoming','All Types of Cancer','451.8','433.6','470.6','2363','509106'
'2004','Alabama','All Types of Cancer','461','454.9','467.1','22267','4530729'
'2004','Arkansas','All Types of Cancer','463.1','455.4','470.9','13947','2749686'
'2004','Georgia','All Types of Cancer','478.2','473.2','483.1','36851','8769252'
'2004','Idaho','All Types of Cancer','464.1','452.5','475.8','6183','1391802'
'2004','Kansas','All Types of Cancer','471.2','463.2','479.3','13338','2734373'
'2004','Maryland','All Types of Cancer','464.9','459.2','470.7','25549','5546935'
'2004','Mississippi','All Types of Cancer','469.7','461.8','477.7','13552','2889010'
'2004','Missouri','All Types of Cancer','471.2','465.7','476.6','28947','5747741'
'2004','Montana','All Types of Cancer','475.7','462.4','489.2','4936','930009'
'2004','Nevada','All Types of Cancer','478.4','469.2','487.7','10811','2346222'
'2004','North Carolina','All Types of Cancer','479.8','475.2','484.5','41668','8553152'
'2004','North Dakota','All Types of Cancer','464.7','448.9','480.9','3340','644705'
'2004','Oklahoma','All Types of Cancer','478.2','471.2','485.3','17780','3525233'
'2004','South Dakota','All Types of Cancer','478.3','463.5','493.4','4036','770396'
'2004','Texas','All Types of Cancer','468.2','465.1','471.3','90604','22394023'
'2004','New Hampshire','All Types of Cancer','524.6','512.3','537.1','7011','1290121'
'2004','New Jersey','All Types of Cancer','510.6','506','515.3','46710','8634561'
'2004','New York','All Types of Cancer','497.5','494.4','500.6','100469','19171567'
'2004','Ohio','All Types of Cancer','480.5','476.6','484.4','58904','11452251'
'2004','Oregon','All Types of Cancer','484.4','477.4','491.5','18485','3569463'
'2004','Pennsylvania','All Types of Cancer','503.2','499.6','506.9','73142','12410722'
'2004','Rhode Island','All Types of Cancer','532.5','519.3','545.9','6309','1074579'
'2004','South Carolina','All Types of Cancer','485.7','479.1','492.3','21182','4210921'
'2004','Vermont','All Types of Cancer','499.6','482.7','516.8','3388','619920'
'2004','Washington','All Types of Cancer','506.1','500.5','511.9','30728','6178645'
'2004','West Virginia','All Types of Cancer','493.9','484.6','503.4','10785','1816438'
'2004','Wisconsin','All Types of Cancer','481.6','476','487.3','27979','5514026'
'2004','Alaska','All Types of Cancer','513.4','491.4','536.2','2438','659286'
'2004','Arizona','All Types of Cancer','422.2','416.9','427.6','24437','5652404'
'2004','Connecticut','All Types of Cancer','508.4','501.2','515.6','19506','3496094'
'2004','Delaware','All Types of Cancer','510.5','495.6','525.6','4519','830803'
'2004','District of Columbia','All Types of Cancer','488.6','470.4','507.3','2748','567754'
'2004','Florida','All Types of Cancer','481.2','478.2','484.1','103731','17415318'
'2004','Illinois','All Types of Cancer','493.6','489.7','497.5','61616','12589773'
'2004','Indiana','All Types of Cancer','483.7','478.2','489.1','30624','6233007'
'2004','Iowa','All Types of Cancer','485.8','478.3','493.4','16271','2953635'
'2004','Kentucky','All Types of Cancer','522.2','515.4','529.1','22514','4146101'
'2004','Louisiana','All Types of Cancer','497.7','491.2','504.4','22105','4552238'
'2004','Maine','All Types of Cancer','545.1','533.4','557','8354','1313688'
'2004','Massachusetts','All Types of Cancer','514.2','508.8','519.6','35450','6412281'
'2004','Michigan','All Types of Cancer','504.2','499.9','508.6','52135','10055315'
'2004','Minnesota','All Types of Cancer','481.9','475.9','488','24538','5087713'
'2004','Nebraska','All Types of Cancer','480.6','470.5','490.7','8829','1749370'
'2004','New Mexico','All Types of Cancer','431.8','422.5','441.3','8265','1903808'
'2004','Utah','All Types of Cancer','427','417.5','436.7','7774','2401580'
'2005','California','All Types of Cancer','448.9','446.6','451.2','148409','35827943'
'2005','Colorado','All Types of Cancer','447.7','441.2','454.2','18910','4631888'
'2005','Nevada','All Types of Cancer','451.9','443.2','460.7','10670','2432143'
'2005','Alabama','All Types of Cancer','462','456','468.1','22684','4565917'
'2005','Arkansas','All Types of Cancer','466.2','458.6','474','14238','2781097'
'2005','Georgia','All Types of Cancer','470.8','466','475.7','37541','8925922'
'2005','Idaho','All Types of Cancer','478.6','467.1','490.4','6583','1428241'
'2005','Kansas','All Types of Cancer','467.2','459.2','475.2','13369','2745299'
'2005','Maryland','All Types of Cancer','464.7','459','470.4','25950','5592379'
'2005','Minnesota','All Types of Cancer','476.5','470.5','482.5','24661','5119598'
'2005','Mississippi','All Types of Cancer','470.7','462.9','478.7','13707','2876229'
'2005','Alaska','All Types of Cancer','481.7','460.8','503.3','2375','666946'
'2005','Connecticut','All Types of Cancer','510.9','503.8','518.2','19810','3506956'
'2005','Delaware','All Types of Cancer','528.6','513.8','543.9','4825','845150'
'2005','District of Columbia','All Types of Cancer','489.3','471.1','508','2778','567136'
'2005','Florida','All Types of Cancer','485','482.1','488','107138','17842038'
'2005','Illinois','All Types of Cancer','491','487.1','494.9','62019','12609903'
'2005','Indiana','All Types of Cancer','485.1','479.7','490.5','31167','6278616'
'2005','Iowa','All Types of Cancer','488.3','480.8','495.9','16482','2964454'
'2005','Kentucky','All Types of Cancer','518.8','512','525.6','22802','4182742'
'2005','Louisiana','All Types of Cancer','482','475.5','488.6','21118','4411396'
'2005','Maine','All Types of Cancer','535.1','523.6','546.9','8322','1318787'
'2005','Massachusetts','All Types of Cancer','516.9','511.5','522.3','35912','6403290'
'2005','Michigan','All Types of Cancer','505','500.7','509.4','52872','10051137'
'2005','Missouri','All Types of Cancer','491.8','486.3','497.4','30682','5790300'
'2005','Montana','All Types of Cancer','494.1','480.6','507.8','5244','940102'
'2005','Nebraska','All Types of Cancer','485.6','475.6','495.8','9042','1761497'
'2005','New Hampshire','All Types of Cancer','532','519.7','544.6','7253','1298492'
'2005','New Jersey','All Types of Cancer','511.3','506.7','515.9','47140','8651974'
'2005','New York','All Types of Cancer','500.9','497.8','504','101927','19132610'
'2005','North Carolina','All Types of Cancer','491.8','487.2','496.5','43916','8705407'
'2005','North Dakota','All Types of Cancer','481','465','497.5','3485','646089'
'2005','Ohio','All Types of Cancer','486.3','482.4','490.2','60233','11463320'
'2005','Pennsylvania','All Types of Cancer','504.7','501','508.3','73909','12449990'
'2005','Rhode Island','All Types of Cancer','510.5','497.5','523.7','6024','1067916'
'2005','South Carolina','All Types of Cancer','492.1','485.5','498.7','22010','4270150'
'2005','Tennessee','All Types of Cancer','480.5','475.1','486','30306','5991057'
'2005','Vermont','All Types of Cancer','501.9','485.2','519.1','3465','621215'
'2005','Washington','All Types of Cancer','504.9','499.3','510.6','31440','6257305'
'2005','West Virginia','All Types of Cancer','503.5','494.1','513','11119','1820492'
'2005','Arizona','All Types of Cancer','417.9','412.8','423.2','25190','5839077'
'2005','Hawaii','All Types of Cancer','431.4','420.6','442.5','6122','1292729'
'2005','New Mexico','All Types of Cancer','421.2','412.1','430.5','8290','1932274'
'2005','Oklahoma','All Types of Cancer','475.5','468.5','482.5','17895','3548597'
'2005','Oregon','All Types of Cancer','478.7','471.8','485.6','18724','3613202'
'2005','South Dakota','All Types of Cancer','461.8','447.4','476.6','3937','775493'
'2005','Texas','All Types of Cancer','465.4','462.4','468.4','92615','22773020'
'2005','Utah','All Types of Cancer','420.3','411','429.8','7933','2457719'
'2005','Virginia','All Types of Cancer','459.5','454.7','464.5','34628','7577105'
'2005','Wisconsin','All Types of Cancer','475','469.4','480.6','28018','5546166'
'2005','Wyoming','All Types of Cancer','428.4','410.8','446.5','2299','514157'
'2006','South Dakota','All Types of Cancer','443.4','429.3','457.8','3856','783033'
'2006','Wyoming','All Types of Cancer','454.6','436.6','473.1','2477','522667'
'2006','California','All Types of Cancer','447.1','444.8','449.4','149982','36021202'
'2006','Colorado','All Types of Cancer','440.6','434.3','447','19300','4720423'
'2006','Nevada','All Types of Cancer','466.7','457.9','475.5','11338','2522658'
'2006','North Dakota','All Types of Cancer','477.8','462','494.1','3513','649422'
'2006','Oregon','All Types of Cancer','475.4','468.6','482.3','19129','3670883'
'2006','Tennessee','All Types of Cancer','480.2','474.8','485.6','31094','6088766'
'2006','Texas','All Types of Cancer','458.9','455.9','461.9','94631','23359580'
'2006','Virginia','All Types of Cancer','459.8','455','464.7','35421','7673725'
'2006','Minnesota','All Types of Cancer','484.4','478.4','490.4','25565','5163555'
'2006','Mississippi','All Types of Cancer','481.4','473.5','489.4','14294','2904978'
'2006','Missouri','All Types of Cancer','486.7','481.2','492.2','30896','5842704'
'2006','Montana','All Types of Cancer','485.8','472.6','499.3','5274','952692'
'2006','Nebraska','All Types of Cancer','487.8','477.8','498','9208','1772693'
'2006','New Hampshire','All Types of Cancer','520.8','508.8','533.1','7302','1308389'
'2006','New Jersey','All Types of Cancer','524.1','519.4','528.8','48782','8661679'
'2006','New Mexico','All Types of Cancer','417.6','408.7','426.7','8509','1962137'
'2006','New York','All Types of Cancer','512.4','509.3','515.6','104916','19104631'
'2006','North Carolina','All Types of Cancer','489.2','484.7','493.7','45241','8917270'
'2006','Ohio','All Types of Cancer','485.1','481.3','489','60863','11481213'
'2006','Oklahoma','All Types of Cancer','495.4','488.4','502.6','18990','3594090'
'2006','Pennsylvania','All Types of Cancer','513.6','509.9','517.3','76022','12510809'
'2006','Rhode Island','All Types of Cancer','529.1','516','542.6','6299','1063096'
'2006','South Carolina','All Types of Cancer','487.2','480.8','493.6','22622','4357847'
'2006','Utah','All Types of Cancer','423.9','414.7','433.2','8320','2525507'
'2006','Vermont','All Types of Cancer','529.9','512.8','547.5','3724','622892'
'2006','Washington','All Types of Cancer','497.6','492.1','503.2','31891','6370753'
'2006','West Virginia','All Types of Cancer','505.6','496.2','515.1','11304','1827912'
'2006','Wisconsin','All Types of Cancer','483.1','477.5','488.7','28916','5577655'
'2006','Alabama','All Types of Cancer','465.4','459.4','471.4','23386','4628981'
'2006','Alaska','All Types of Cancer','488.9','468.2','510.3','2510','675302'
'2006','Arizona','All Types of Cancer','422.5','417.4','427.7','26375','6029141'
'2006','Arkansas','All Types of Cancer','462.1','454.5','469.7','14440','2821761'
'2006','Connecticut','All Types of Cancer','525.8','518.6','533.1','20584','3517460'
'2006','Delaware','All Types of Cancer','541','526.1','556.1','5090','859268'
'2006','District of Columbia','All Types of Cancer','491.8','473.4','510.6','2769','570681'
'2006','Florida','All Types of Cancer','480.8','477.9','483.7','108040','18166990'
'2006','Georgia','All Types of Cancer','475.4','470.7','480.2','39384','9155813'
'2006','Hawaii','All Types of Cancer','428.2','417.5','439.1','6207','1309731'
'2006','Idaho','All Types of Cancer','474.1','462.8','485.7','6782','1468669'
'2006','Illinois','All Types of Cancer','501.2','497.3','505.1','63912','12643955'
'2006','Indiana','All Types of Cancer','490','484.7','495.5','32018','6332669'
'2006','Iowa','All Types of Cancer','491.6','484.1','499.2','16787','2982644'
'2006','Kansas','All Types of Cancer','471.8','463.9','479.8','13684','2762931'
'2006','Kentucky','All Types of Cancer','534.5','527.7','541.4','23991','4219239'
'2006','Louisiana','All Types of Cancer','494.8','488.2','501.5','21622','4302665'
'2006','Maine','All Types of Cancer','545.4','533.9','557.2','8640','1323619'
'2006','Maryland','All Types of Cancer','459.6','454','465.3','26090','5627367'
'2006','Massachusetts','All Types of Cancer','529.8','524.4','535.3','37109','6410084'
'2006','Michigan','All Types of Cancer','504.9','500.6','509.3','53578','10036081'
'2007','Nevada','All Types of Cancer','445.3','437','453.8','11285','2601072'
'2007','Wyoming','All Types of Cancer','436.4','419','454.3','2457','534876'
'2007','California','All Types of Cancer','456.6','454.3','458.9','156465','36250311'
'2007','Colorado','All Types of Cancer','457.5','451.2','463.9','20724','4803868'
'2007','Hawaii','All Types of Cancer','435.3','424.6','446.2','6422','1315675'
'2007','Louisiana','All Types of Cancer','502.9','496.3','509.6','22509','4375581'
'2007','Maine','All Types of Cancer','529.2','517.9','540.7','8566','1327040'
'2007','Maryland','All Types of Cancer','484','478.2','489.7','28005','5653408'
'2007','Massachusetts','All Types of Cancer','523.4','518.1','528.8','37207','6431559'
'2007','Michigan','All Types of Cancer','517.4','513.1','521.8','55868','10001284'
'2007','Minnesota','All Types of Cancer','498.2','492.2','504.2','26893','5207203'
'2007','Mississippi','All Types of Cancer','496.3','488.3','504.3','15043','2928350'
'2007','Missouri','All Types of Cancer','483.5','478.1','488.9','31231','5887612'
'2007','Nebraska','All Types of Cancer','497.5','487.5','507.7','9530','1783440'
'2007','New Hampshire','All Types of Cancer','519','507.2','531.1','7466','1312540'
'2007','New Jersey','All Types of Cancer','524.2','519.6','528.9','49427','8677885'
'2007','New York','All Types of Cancer','514.9','511.8','518','106761','19132335'
'2007','North Carolina','All Types of Cancer','493.2','488.7','497.7','47172','9118037'
'2007','North Dakota','All Types of Cancer','487.6','471.6','504','3610','652822'
'2007','Ohio','All Types of Cancer','483.6','479.8','487.5','61637','11500468'
'2007','Oklahoma','All Types of Cancer','507','499.9','514.2','19784','3634349'
'2007','Pennsylvania','All Types of Cancer','516.2','512.5','519.9','77326','12563937'
'2007','Rhode Island','All Types of Cancer','534.1','520.9','547.6','6378','1057315'
'2007','South Carolina','All Types of Cancer','490.8','484.5','497.2','23598','4444110'
'2007','Tennessee','All Types of Cancer','485.2','479.8','490.6','32229','6175727'
'2007','Vermont','All Types of Cancer','502.2','485.7','519.2','3607','623481'
'2007','West Virginia','All Types of Cancer','510.8','501.4','520.3','11611','1834052'
'2007','Wisconsin','All Types of Cancer','486.3','480.8','491.9','29652','5610775'
'2007','Montana','All Types of Cancer','479.5','466.6','492.7','5393','964706'
'2007','New Mexico','All Types of Cancer','420.4','411.5','429.4','8803','1990070'
'2007','Oregon','All Types of Cancer','471.2','464.5','478','19402','3722417'
'2007','South Dakota','All Types of Cancer','471.4','457','486.1','4172','791623'
'2007','Texas','All Types of Cancer','466.8','463.9','469.7','99241','23831983'
'2007','Utah','All Types of Cancer','419.9','410.9','429','8530','2597746'
'2007','Virginia','All Types of Cancer','472.5','467.7','477.4','37336','7751000'
'2007','Washington','All Types of Cancer','476.2','470.9','481.6','31394','6461587'
'2007','Alabama','All Types of Cancer','474','468','480','24244','4672840'
'2007','Alaska','All Types of Cancer','473.7','453.7','494.4','2526','680300'
'2007','Arizona','All Types of Cancer','424.8','419.7','429.9','27382','6167681'
'2007','Arkansas','All Types of Cancer','470.6','463','478.3','14941','2848650'
'2007','Connecticut','All Types of Cancer','520.2','513','527.4','20647','3527270'
'2007','Delaware','All Types of Cancer','532.4','517.8','547.2','5173','871749'
'2007','District of Columbia','All Types of Cancer','527.4','508.5','546.9','2993','574404'
'2007','Florida','All Types of Cancer','483.3','480.4','486.2','110650','18367842'
'2007','Georgia','All Types of Cancer','492.7','487.9','497.5','42222','9349988'
'2007','Idaho','All Types of Cancer','485.7','474.4','497.1','7192','1505105'
'2007','Illinois','All Types of Cancer','502.8','498.9','506.7','65113','12695866'
'2007','Indiana','All Types of Cancer','483.3','477.9','488.6','32141','6379599'
'2007','Iowa','All Types of Cancer','488.4','481','496','16879','2999212'
'2007','Kansas','All Types of Cancer','486.5','478.4','494.6','14318','2783785'
'2007','Kentucky','All Types of Cancer','535.9','529.1','542.7','24563','4256672'
'2008','California','All Types of Cancer','452.2','449.9','454.4','158776','36604337'
'2008','Colorado','All Types of Cancer','448.2','442.1','454.5','21004','4889730'
'2008','Hawaii','All Types of Cancer','439.9','429.2','450.7','6656','1332213'
'2008','Texas','All Types of Cancer','456.3','453.4','459.1','100010','24309039'
'2008','Wyoming','All Types of Cancer','439.1','421.9','456.9','2545','546043'
'2008','Alabama','All Types of Cancer','485.9','479.8','492','25362','4718206'
'2008','Alaska','All Types of Cancer','482.7','462.9','503','2687','687455'
'2008','Connecticut','All Types of Cancer','513.2','506.1','520.3','20763','3545579'
'2008','Delaware','All Types of Cancer','530.3','515.9','544.9','5281','883874'
'2008','District of Columbia','All Types of Cancer','481.8','463.7','500.4','2754','580236'
'2008','Florida','All Types of Cancer','483.8','481','486.7','113079','18527305'
'2008','Georgia','All Types of Cancer','487.7','483','492.4','43177','9504843'
'2008','Illinois','All Types of Cancer','505.2','501.4','509.1','66527','12747038'
'2008','Iowa','All Types of Cancer','486','478.6','493.5','16975','3016734'
'2008','Kansas','All Types of Cancer','486.4','478.5','494.5','14540','2808076'
'2008','Kentucky','All Types of Cancer','529.3','522.6','536','24740','4289878'
'2008','Louisiana','All Types of Cancer','502.7','496.1','509.3','23015','4435586'
'2008','Maine','All Types of Cancer','513.9','502.8','525.1','8491','1330509'
'2008','Maryland','All Types of Cancer','484.1','478.4','489.8','28558','5684965'
'2008','Massachusetts','All Types of Cancer','522','516.7','527.4','37742','6468967'
'2008','Michigan','All Types of Cancer','490.5','486.3','494.7','53662','9946889'
'2008','Minnesota','All Types of Cancer','490.1','484.3','496.1','27084','5247018'
'2008','Mississippi','All Types of Cancer','499.8','491.8','507.8','15372','2947806'
'2008','Nebraska','All Types of Cancer','484.7','474.9','494.7','9435','1796378'
'2008','New Hampshire','All Types of Cancer','526.6','514.7','538.7','7745','1315906'
'2008','New Jersey','All Types of Cancer','515.6','511','520.2','49347','8711090'
'2008','New York','All Types of Cancer','516.5','513.4','519.6','108496','19212436'
'2008','North Carolina','All Types of Cancer','488.8','484.4','493.2','48206','9309449'
'2008','Ohio','All Types of Cancer','489.6','485.7','493.4','63340','11515391'
'2008','Oregon','All Types of Cancer','483.5','476.8','490.3','20421','3768748'
'2008','Pennsylvania','All Types of Cancer','511.5','507.8','515.1','77468','12612285'
'2008','Rhode Island','All Types of Cancer','521','508','534.3','6292','1055003'
'2008','Tennessee','All Types of Cancer','485.8','480.5','491.2','33076','6247411'
'2008','Washington','All Types of Cancer','492.9','487.5','498.3','33326','6562231'
'2008','West Virginia','All Types of Cancer','494.6','485.4','503.9','11359','1840310'
'2008','Wisconsin','All Types of Cancer','485.4','479.9','491','30152','5640996'
'2008','Arizona','All Types of Cancer','414.3','409.4','419.3','27364','6280362'
'2008','Arkansas','All Types of Cancer','459.4','452','466.9','14890','2874554'
'2008','Idaho','All Types of Cancer','468.9','457.9','480','7172','1534320'
'2008','Indiana','All Types of Cancer','479.4','474.2','484.7','32555','6424806'
'2008','Missouri','All Types of Cancer','474','468.7','479.3','31190','5923916'
'2008','Montana','All Types of Cancer','472.2','459.5','485.2','5424','976415'
'2008','Nevada','All Types of Cancer','459.8','451.4','468.3','12014','2653630'
'2008','New Mexico','All Types of Cancer','420.7','411.9','429.6','9026','2010662'
'2008','North Dakota','All Types of Cancer','469.8','454.2','485.8','3543','657569'
'2008','Oklahoma','All Types of Cancer','475.5','468.7','482.4','18886','3668976'
'2008','South Carolina','All Types of Cancer','478.1','472','484.3','23737','4528996'
'2008','South Dakota','All Types of Cancer','460.2','446.1','474.7','4139','799124'
'2008','Utah','All Types of Cancer','421.9','413.1','430.9','8864','2663029'
'2008','Vermont','All Types of Cancer','479.9','463.9','496.4','3536','624151'
'2008','Virginia','All Types of Cancer','463.6','458.8','468.3','37433','7833496'
'2009','Texas','All Types of Cancer','448.3','445.5','451.1','101374','24801761'
'2009','Arkansas','All Types of Cancer','457.6','450.3','465.1','15062','2896843'
'2009','California','All Types of Cancer','447.3','445.1','449.5','160868','36961229'
'2009','Colorado','All Types of Cancer','446.5','440.4','452.6','21689','4972195'
'2009','Hawaii','All Types of Cancer','440.2','429.6','451','6793','1346717'
'2009','Kansas','All Types of Cancer','473.2','465.4','481.1','14405','2832704'
'2009','Maryland','All Types of Cancer','471.5','466','477.1','28609','5730388'
'2009','Minnesota','All Types of Cancer','479.3','473.5','485.1','27039','5281203'
'2009','Nebraska','All Types of Cancer','458.4','448.9','468.1','9048','1812683'
'2009','Nevada','All Types of Cancer','461.9','453.6','470.3','12420','2684665'
'2009','North Dakota','All Types of Cancer','460.1','444.7','475.9','3496','664968'
'2009','Oklahoma','All Types of Cancer','469.7','463','476.5','19037','3717572'
'2009','Oregon','All Types of Cancer','462.8','456.3','469.4','19968','3808600'
'2009','South Carolina','All Types of Cancer','473.2','467.2','479.4','24090','4589872'
'2009','South Dakota','All Types of Cancer','469.5','455.4','484.1','4285','807067'
'2009','Virginia','All Types of Cancer','459.5','454.9','464.3','38031','7925937'
'2009','Alabama','All Types of Cancer','477.8','471.9','483.8','25342','4757938'
'2009','Alaska','All Types of Cancer','467.2','448','487','2688','698895'
'2009','Florida','All Types of Cancer','473.2','470.4','476','112722','18652644'
'2009','Idaho','All Types of Cancer','468.9','458.2','479.9','7390','1554439'
'2009','Indiana','All Types of Cancer','472.2','467','477.4','32610','6459325'
'2009','Connecticut','All Types of Cancer','516.8','509.7','523.9','21176','3561807'
'2009','Delaware','All Types of Cancer','520.9','506.8','535.2','5319','891730'
'2009','District of Columbia','All Types of Cancer','487.7','469.6','506.3','2840','592228'
'2009','Georgia','All Types of Cancer','482.9','478.3','487.6','43914','9620846'
'2009','Illinois','All Types of Cancer','500.1','496.3','504','66864','12796778'
'2009','New Mexico','All Types of Cancer','412.3','403.8','421.1','9085','2036802'
'2009','Iowa','All Types of Cancer','498.1','490.6','505.6','17634','3032870'
'2009','Kentucky','All Types of Cancer','524.3','517.7','530.9','24963','4317074'
'2009','Louisiana','All Types of Cancer','505.6','499.1','512.1','23722','4491648'
'2009','Maine','All Types of Cancer','500.4','489.5','511.5','8380','1329590'
'2009','Massachusetts','All Types of Cancer','510.8','505.6','516.1','37572','6517613'
'2009','Michigan','All Types of Cancer','487.1','482.9','491.3','54154','9901591'
'2009','Mississippi','All Types of Cancer','484.3','476.5','492.2','15099','2958774'
'2009','Missouri','All Types of Cancer','482.3','477','487.7','32296','5961088'
'2009','Montana','All Types of Cancer','480.7','468','493.7','5655','983982'
'2009','New Hampshire','All Types of Cancer','513.1','501.5','525','7720','1316102'
'2009','New Jersey','All Types of Cancer','513.7','509.2','518.3','49892','8755602'
'2009','New York','All Types of Cancer','512.1','509.1','515.2','109158','19307066'
'2009','North Carolina','All Types of Cancer','496.7','492.3','501.1','50210','9449566'
'2009','Ohio','All Types of Cancer','488.9','485.1','492.8','64043','11528896'
'2009','Pennsylvania','All Types of Cancer','509.7','506','513.3','78037','12666858'
'2009','Rhode Island','All Types of Cancer','514.4','501.4','527.5','6259','1053646'
'2009','Tennessee','All Types of Cancer','492.3','487.1','497.7','34187','6306019'
'2009','Utah','All Types of Cancer','421.3','412.5','430.1','9136','2723421'
'2009','Vermont','All Types of Cancer','500','483.7','516.7','3731','624817'
'2009','Washington','All Types of Cancer','491.8','486.5','497.2','34257','6667426'
'2009','West Virginia','All Types of Cancer','491.9','482.7','501.2','11437','1847775'
'2009','Wisconsin','All Types of Cancer','480.3','474.9','485.9','30340','5669264'
'2009','Wyoming','All Types of Cancer','427.8','410.9','445.1','2540','559851'
'2009','Arizona','All Types of Cancer','421.8','416.9','426.8','28717','6343154'
'2010','Oklahoma','All Types of Cancer','454.6','448','461.2','18734','3759529'
'2010','Oregon','All Types of Cancer','450.6','444.2','457','19847','3837073'
'2010','South Dakota','All Types of Cancer','453.4','439.5','467.6','4221','816227'
'2010','Wyoming','All Types of Cancer','434.4','417.6','451.7','2659','564376'
'2010','Arkansas','All Types of Cancer','456.4','449.1','463.8','15285','2921737'
'2010','California','All Types of Cancer','439.4','437.3','441.6','162114','37327690'
'2010','Missouri','All Types of Cancer','464','458.9','469.3','31589','5995681'
'2010','Montana','All Types of Cancer','477.1','464.5','490.1','5684','990507'
'2010','Nebraska','All Types of Cancer','468','458.5','477.7','9402','1829956'
'2010','North Dakota','All Types of Cancer','465.6','450.3','481.4','3611','674518'
'2010','Ohio','All Types of Cancer','466.2','462.5','470','62025','11539282'
'2010','Rhode Island','All Types of Cancer','475.2','462.8','487.8','5836','1053169'
'2010','South Carolina','All Types of Cancer','477.2','471.2','483.3','24915','4635834'
'2010','Wisconsin','All Types of Cancer','479.3','473.8','484.7','30768','5690403'
'2010','New Hampshire','All Types of Cancer','506.2','494.7','517.8','7809','1316700'
'2010','New Jersey','All Types of Cancer','500.2','495.7','504.7','49380','8803708'
'2010','New York','All Types of Cancer','495','492','498','107026','19405185'
'2010','North Carolina','All Types of Cancer','483.8','479.5','488.1','50247','9574247'
'2010','Pennsylvania','All Types of Cancer','506.7','503.1','510.4','78544','12711063'
'2010','Tennessee','All Types of Cancer','480.2','475','485.4','34094','6355882'
'2010','Vermont','All Types of Cancer','483.8','467.9','500.1','3678','625842'
'2010','Washington','All Types of Cancer','482.1','476.9','487.3','34472','6741386'
'2010','West Virginia','All Types of Cancer','481.4','472.4','490.6','11319','1854315'
'2010','Connecticut','All Types of Cancer','502.4','495.4','509.4','20895','3580171'
'2010','Delaware','All Types of Cancer','511.5','497.7','525.7','5322','899712'
'2010','District of Columbia','All Types of Cancer','501.3','483.1','520','2978','605040'
'2010','New Mexico','All Types of Cancer','399.2','390.9','407.7','9058','2064607'
'2010','Nevada','All Types of Cancer','433.7','425.8','441.8','11934','2702797'
'2010','Texas','All Types of Cancer','431.1','428.4','433.8','100257','25241648'
'2010','Utah','All Types of Cancer','426.1','417.4','434.9','9530','2775260'
'2010','Virginia','All Types of Cancer','431.1','426.6','435.6','36606','8025206'
'2010','Alabama','All Types of Cancer','467.8','462','473.7','25377','4785579'
'2010','Alaska','All Types of Cancer','469.7','450.9','489.1','2815','714015'
'2010','Arizona','All Types of Cancer','406.1','401.3','410.9','28394','6407002'
'2010','Colorado','All Types of Cancer','430.3','424.5','436.3','21498','5048029'
'2010','Florida','All Types of Cancer','465.5','462.8','468.3','113368','18846461'
'2010','Georgia','All Types of Cancer','462.6','458.2','467.1','43409','9712696'
'2010','Hawaii','All Types of Cancer','426.4','416.1','437','6743','1363817'
'2010','Idaho','All Types of Cancer','460.3','449.8','471.1','7468','1570912'
'2010','Illinois','All Types of Cancer','482.6','478.9','486.4','65588','12841196'
'2010','Indiana','All Types of Cancer','468.6','463.4','473.7','32899','6490029'
'2010','Iowa','All Types of Cancer','491.1','483.7','498.5','17585','3050223'
'2010','Kansas','All Types of Cancer','469','461.3','476.9','14450','2858403'
'2010','Kentucky','All Types of Cancer','528.1','521.5','534.7','25552','4347948'
'2010','Louisiana','All Types of Cancer','498.4','492','504.9','23819','4544871'
'2010','Maine','All Types of Cancer','495','484.2','505.9','8410','1327568'
'2010','Maryland','All Types of Cancer','469.8','464.3','475.4','28986','5788099'
'2010','Massachusetts','All Types of Cancer','477.8','472.8','482.9','35713','6564943'
'2010','Michigan','All Types of Cancer','490.6','486.4','494.8','55320','9876731'
'2010','Minnesota','All Types of Cancer','475.7','470','481.5','27278','5310711'
'2010','Mississippi','All Types of Cancer','487.8','480','495.6','15528','2970437'
'2011','Alaska','All Types of Cancer','447','429','465.6','2757','722259'
'2011','Arkansas','All Types of Cancer','448.5','441.3','455.8','15260','2938640'
'2011','Idaho','All Types of Cancer','457.8','447.3','468.4','7595','1583180'
'2011','Oklahoma','All Types of Cancer','454.9','448.4','461.5','19032','3785232'
'2011','Wyoming','All Types of Cancer','438.8','422','456.2','2705','567602'
'2011','Alabama','All Types of Cancer','459.4','453.6','465.2','25275','4798649'
'2011','Georgia','All Types of Cancer','471.9','467.5','476.4','45283','9810595'
'2011','Indiana','All Types of Cancer','465.3','460.3','470.5','33220','6515358'
'2011','Kansas','All Types of Cancer','475.6','467.8','483.4','14829','2868756'
'2011','Maryland','All Types of Cancer','460.6','455.2','466','29173','5843115'
'2011','Mississippi','All Types of Cancer','478.2','470.6','485.9','15483','2977452'
'2011','Missouri','All Types of Cancer','472.3','467.1','477.6','32638','6010280'
'2011','Montana','All Types of Cancer','476.1','463.6','488.9','5801','996866'
'2011','Nebraska','All Types of Cancer','464.5','455','474.2','9429','1841641'
'2011','North Dakota','All Types of Cancer','473.4','458','489.2','3746','684830'
'2011','Ohio','All Types of Cancer','473.7','470','477.5','63775','11543332'
'2011','Oregon','All Types of Cancer','462.6','456.2','469.1','20806','3865845'
'2011','South Carolina','All Types of Cancer','470.1','464.2','476','25120','4672744'
'2011','South Dakota','All Types of Cancer','479.7','465.5','494.2','4532','823338'
'2011','Tennessee','All Types of Cancer','477.3','472.2','482.5','34689','6396281'
'2011','Vermont','All Types of Cancer','475.7','460','491.9','3668','626210'
'2011','Washington','All Types of Cancer','480.1','475','485.3','35122','6819155'
'2011','Connecticut','All Types of Cancer','492.9','486.1','499.8','20814','3591927'
'2011','Delaware','All Types of Cancer','516','502.2','530.1','5515','907884'
'2011','District of Columbia','All Types of Cancer','524.7','506.2','543.7','3189','620336'
'2011','Florida','All Types of Cancer','481.6','478.8','484.3','120190','19097369'
'2011','Illinois','All Types of Cancer','484.5','480.8','488.2','66942','12862298'
'2011','Iowa','All Types of Cancer','486.7','479.4','494.1','17611','3063690'
'2011','Kentucky','All Types of Cancer','524.1','517.6','530.7','25798','4368505'
'2011','Louisiana','All Types of Cancer','498.1','491.8','504.6','24326','4574388'
'2011','Maine','All Types of Cancer','486.7','476.1','497.6','8381','1327968'
'2011','Massachusetts','All Types of Cancer','489.3','484.3','494.4','37218','6612178'
'2011','Michigan','All Types of Cancer','488.2','484.1','492.4','55981','9876199'
'2011','Minnesota','All Types of Cancer','481.4','475.7','487.2','28199','5345967'
'2011','New Hampshire','All Types of Cancer','517.5','505.9','529.2','8092','1318345'
'2011','New Jersey','All Types of Cancer','502.7','498.2','507.2','50325','8844694'
'2011','New York','All Types of Cancer','504.8','501.7','507.8','111012','19526372'
'2011','North Carolina','All Types of Cancer','481.3','477.1','485.6','51258','9662940'
'2011','Pennsylvania','All Types of Cancer','511.9','508.3','515.6','80246','12742811'
'2011','Rhode Island','All Types of Cancer','482','469.6','494.7','5973','1052154'
'2011','West Virginia','All Types of Cancer','495.6','486.4','504.8','11782','1854891'
'2011','Wisconsin','All Types of Cancer','487.5','482','492.9','31871','5705812'
'2011','New Mexico','All Types of Cancer','385','376.9','393.2','8930','2077744'
'2011','Arizona','All Types of Cancer','407','402.2','411.7','29222','6465488'
'2011','California','All Types of Cancer','429.1','427','431.2','162287','37672654'
'2011','Colorado','All Types of Cancer','425.7','420','431.6','21868','5116411'
'2011','Hawaii','All Types of Cancer','421.5','411.3','431.9','6807','1378323'
'2011','Nevada','All Types of Cancer','433.3','425.5','441.2','12284','2718170'
'2011','Texas','All Types of Cancer','423.4','420.7','426','101660','25644424'
'2011','Utah','All Types of Cancer','426.2','417.6','434.9','9771','2815430'
'2011','Virginia','All Types of Cancer','432.5','428','437','37558','8107548'
'2012','Alabama','All Types of Cancer','456.5','450.8','462.3','25509','4813946'
'2012','Arkansas','All Types of Cancer','456.3','449','463.6','15707','2949208'
'2012','Idaho','All Types of Cancer','446.8','436.6','457.2','7598','1594673'
'2012','Indiana','All Types of Cancer','456.9','451.9','461.9','33117','6535665'
'2012','Maryland','All Types of Cancer','449.2','444','454.5','29122','5891680'
'2012','Montana','All Types of Cancer','452','439.9','464.4','5621','1003522'
'2012','Nebraska','All Types of Cancer','448.4','439.1','457.8','9285','1854862'
'2012','Ohio','All Types of Cancer','456.6','453','460.3','62368','11546969'
'2012','Oklahoma','All Types of Cancer','454.6','448.1','461.1','19277','3815298'
'2012','Oregon','All Types of Cancer','441.2','435','447.5','20354','3893920'
'2012','South Dakota','All Types of Cancer','455.4','441.6','469.5','4354','832576'
'2012','Florida','All Types of Cancer','458.3','455.7','461','117265','19341327'
'2012','Georgia','All Types of Cancer','470.1','465.7','474.4','46639','9911171'
'2012','Illinois','All Types of Cancer','468','464.4','471.7','65875','12878494'
'2012','Iowa','All Types of Cancer','471.8','464.7','479.1','17302','3074386'
'2012','Kansas','All Types of Cancer','473.9','466.2','481.7','15047','2885316'
'2012','Massachusetts','All Types of Cancer','472.1','467.1','477','36553','6659627'
'2012','Michigan','All Types of Cancer','464.1','460.1','468.2','54107','9886610'
'2012','Minnesota','All Types of Cancer','467','461.5','472.6','28041','5377695'
'2012','Mississippi','All Types of Cancer','471','463.4','478.6','15509','2982963'
'2012','Missouri','All Types of Cancer','465.6','460.5','470.8','32699','6023267'
'2012','North Carolina','All Types of Cancer','465.4','461.3','469.5','50827','9755299'
'2012','North Dakota','All Types of Cancer','471.8','456.5','487.6','3762','701380'
'2012','South Carolina','All Types of Cancer','466.6','460.8','472.5','25786','4719009'
'2012','Tennessee','All Types of Cancer','469.5','464.5','474.5','34764','6450632'
'2012','Vermont','All Types of Cancer','462.6','447.2','478.4','3644','625606'
'2012','Washington','All Types of Cancer','467.3','462.4','472.4','35112','6890899'
'2012','West Virginia','All Types of Cancer','479.7','470.8','488.8','11533','1855360'
'2012','Wisconsin','All Types of Cancer','469.5','464.2','474.9','31257','5721075'
'2012','Connecticut','All Types of Cancer','484.4','477.6','491.2','20775','3597705'
'2012','Delaware','All Types of Cancer','503.6','490.2','517.3','5538','916868'
'2012','District of Columbia','All Types of Cancer','490.4','472.8','508.5','3072','635630'
'2012','Kentucky','All Types of Cancer','525.4','519','531.9','26370','4383673'
'2012','Louisiana','All Types of Cancer','489.3','483','495.6','24378','4602681'
'2012','Maine','All Types of Cancer','482.9','472.4','493.6','8546','1328101'
'2012','New Hampshire','All Types of Cancer','492.1','480.9','503.4','7871','1320923'
'2012','New Jersey','All Types of Cancer','489.3','484.9','493.7','49911','8882095'
'2012','New York','All Types of Cancer','484','481.1','487','108229','19625409'
'2012','Pennsylvania','All Types of Cancer','489.1','485.6','492.6','77619','12768034'
'2012','Rhode Island','All Types of Cancer','494.9','482.4','507.7','6256','1052761'
'2012','New Mexico','All Types of Cancer','379','371','387.1','8909','2083590'
'2012','Arizona','All Types of Cancer','392.5','387.9','397.1','29017','6544211'
'2012','Wyoming','All Types of Cancer','401.1','385.2','417.5','2548','576608'
'2012','Colorado','All Types of Cancer','414.1','408.6','419.8','22043','5186330'
'2012','Hawaii','All Types of Cancer','416.4','406.3','426.6','6876','1392772'
'2012','Alaska','All Types of Cancer','417.8','400.8','435.3','2698','730825'
'2012','California','All Types of Cancer','418.9','416.8','421','162433','38019006'
'2012','Nevada','All Types of Cancer','408.6','401.1','416.1','12039','2752410'
'2012','Texas','All Types of Cancer','418','415.5','420.7','103408','26078327'
'2012','Utah','All Types of Cancer','413.2','404.9','421.7','9777','2854222'
'2012','Virginia','All Types of Cancer','419.9','415.6','424.3','37309','8188656'
'2013','Washington','All Types of Cancer','457.4','452.6','462.4','35294','6963410'
'2013','Arkansas','All Types of Cancer','466','458.8','473.4','16260','2956780'
'2013','Connecticut','All Types of Cancer','477.3','470.7','484','20780','3602470'
'2013','Florida','All Types of Cancer','466.2','463.5','468.8','122293','19584927'
'2013','Georgia','All Types of Cancer','461.3','457','465.6','47081','9981773'
'2013','Illinois','All Types of Cancer','464.2','460.6','467.8','66436','12890403'
'2013','Indiana','All Types of Cancer','457.9','452.9','462.9','33768','6567484'
'2013','Iowa','All Types of Cancer','467.1','460','474.3','17302','3089876'
'2013','Kansas','All Types of Cancer','463.2','455.7','470.9','14962','2892900'
'2013','Maine','All Types of Cancer','470.6','460.3','481.1','8478','1327975'
'2013','Maryland','All Types of Cancer','461.3','456','466.6','30491','5932654'
'2013','Massachusetts','All Types of Cancer','459.1','454.2','463.9','36280','6711138'
'2013','Minnesota','All Types of Cancer','458.6','453.1','464.1','28096','5416074'
'2013','Mississippi','All Types of Cancer','469.9','462.4','477.4','15768','2987721'
'2013','North Carolina','All Types of Cancer','470','465.9','474.1','52659','9849812'
'2013','Ohio','All Types of Cancer','462.3','458.7','466','64161','11567845'
'2013','South Carolina','All Types of Cancer','459','453.3','464.8','26031','4765862'
'2013','South Dakota','All Types of Cancer','467.7','453.9','481.9','4557','842513'
'2013','Tennessee','All Types of Cancer','463.9','459','468.9','35062','6490795'
'2013','West Virginia','All Types of Cancer','478.5','469.6','487.6','11673','1852333'
'2013','Wisconsin','All Types of Cancer','469.4','464.2','474.7','31744','5736673'
'2013','New Mexico','All Types of Cancer','377.6','369.7','385.7','9039','2085161'
'2013','Wyoming','All Types of Cancer','388.6','373.2','404.4','2553','582341'
'2013','Arizona','All Types of Cancer','389.3','384.8','393.9','29686','6616124'
'2013','Utah','All Types of Cancer','401.9','393.9','410.1','9797','2899961'
'2013','California','All Types of Cancer','411.6','409.6','413.6','163799','38347383'
'2013','Colorado','All Types of Cancer','408.9','403.5','414.5','22414','5262556'
'2013','Nevada','All Types of Cancer','406.5','399.2','413.9','12355','2786547'
'2013','Texas','All Types of Cancer','413.6','411.1','416.2','105295','26479279'
'2013','Alabama','All Types of Cancer','450.4','444.8','456','25645','4827660'
'2013','Alaska','All Types of Cancer','419.9','403','437.3','2735','736760'
'2013','Delaware','All Types of Cancer','513.6','500.2','527.3','5810','925114'
'2013','District of Columbia','All Types of Cancer','452.3','435.4','469.5','2858','650114'
'2013','Hawaii','All Types of Cancer','423.2','413.1','433.4','7132','1408038'
'2013','Idaho','All Types of Cancer','430.5','420.6','440.5','7512','1610187'
'2013','Kentucky','All Types of Cancer','522.1','515.7','528.5','26575','4399121'
'2013','Louisiana','All Types of Cancer','480.9','474.8','487.1','24430','4626795'
'2013','Michigan','All Types of Cancer','453','449.1','457','53601','9899219'
'2013','Missouri','All Types of Cancer','452.7','447.7','457.8','32326','6041142'
'2013','Montana','All Types of Cancer','450','438.1','462.2','5736','1011921'
'2013','Nebraska','All Types of Cancer','454.7','445.4','464.1','9527','1867414'
'2013','New Hampshire','All Types of Cancer','494','483','505.2','8133','1322622'
'2013','New Jersey','All Types of Cancer','490.3','486','494.7','50842','8913735'
'2013','New York','All Types of Cancer','492.4','489.5','495.3','111861','19712514'
'2013','North Dakota','All Types of Cancer','449.2','434.4','464.5','3634','722908'
'2013','Oklahoma','All Types of Cancer','452.4','445.9','458.9','19518','3849840'
'2013','Oregon','All Types of Cancer','448.3','442.1','454.5','21127','3919664'
'2013','Pennsylvania','All Types of Cancer','493.2','489.7','496.8','79135','12778450'
'2013','Rhode Island','All Types of Cancer','490.6','478.1','503.2','6249','1052784'
'2013','Vermont','All Types of Cancer','449.2','434.1','464.7','3598','626044'
'2013','Virginia','All Types of Cancer','426.1','421.8','430.5','38882','8261689'
'2014','Alabama','All Types of Cancer','442.9','437.4','448.5','25607','4840037'
'2014','District of Columbia','All Types of Cancer','448.2','431.7','465.1','2925','660797'
'2014','Idaho','All Types of Cancer','439.7','429.9','449.7','7914','1630391'
'2014','Maryland','All Types of Cancer','449','443.9','454.2','30411','5970245'
'2014','Massachusetts','All Types of Cancer','456.4','451.6','461.2','36681','6757925'
'2014','Michigan','All Types of Cancer','448.2','444.3','452.1','53918','9914675'
'2014','Missouri','All Types of Cancer','457','452','462.1','33149','6058014'
'2014','Montana','All Types of Cancer','447.3','435.4','459.4','5792','1019931'
'2014','Nebraska','All Types of Cancer','448.7','439.5','458','9586','1880920'
'2014','North Dakota','All Types of Cancer','448.5','433.7','463.6','3687','738658'
'2014','Oklahoma','All Types of Cancer','454.7','448.3','461.2','19912','3875008'
'2014','Oregon','All Types of Cancer','440.6','434.5','446.7','21247','3960673'
'2014','South Carolina','All Types of Cancer','456.6','451','462.3','26568','4824758'
'2014','Tennessee','All Types of Cancer','454.9','450.1','459.8','35090','6540007'
'2014','Washington','All Types of Cancer','449.8','445','454.6','35614','7046931'
'2014','Arkansas','All Types of Cancer','468.5','461.3','475.9','16558','2964800'
'2014','Connecticut','All Types of Cancer','468.2','461.7','474.8','20625','3600188'
'2014','Florida','All Types of Cancer','459.7','457.1','462.4','123677','19897747'
'2014','Georgia','All Types of Cancer','465.7','461.5','469.9','48906','10083850'
'2014','Illinois','All Types of Cancer','467','463.4','470.6','67952','12882438'
'2014','Indiana','All Types of Cancer','462.5','457.6','467.5','34640','6593182'
'2014','Kansas','All Types of Cancer','459.5','452','467.1','14995','2899553'
'2014','Minnesota','All Types of Cancer','458.1','452.7','463.5','28685','5452649'
'2014','Mississippi','All Types of Cancer','471.8','464.4','479.3','16043','2988578'
'2014','New Hampshire','All Types of Cancer','478.4','467.7','489.4','8078','1328684'
'2014','New Jersey','All Types of Cancer','480.1','475.8','484.4','50620','8943010'
'2014','North Carolina','All Types of Cancer','466.6','462.6','470.6','53739','9941160'
'2014','Ohio','All Types of Cancer','463.3','459.7','467','65115','11593741'
'2014','South Dakota','All Types of Cancer','466.1','452.4','480.2','4598','849455'
'2014','Vermont','All Types of Cancer','465.3','450','481','3779','625665'
'2014','West Virginia','All Types of Cancer','472.8','463.9','481.8','11562','1847624'
'2014','Wisconsin','All Types of Cancer','470.2','464.9','475.4','32416','5751272'
'2014','Delaware','All Types of Cancer','494','481','507.3','5748','934805'
'2014','Iowa','All Types of Cancer','482.6','475.4','489.9','18032','3105563'
'2014','Kentucky','All Types of Cancer','525.5','519.2','532','27168','4410415'
'2014','Louisiana','All Types of Cancer','481.6','475.5','487.7','24889','4648797'
'2014','Maine','All Types of Cancer','480.9','470.5','491.4','8800','1328903'
'2014','New York','All Types of Cancer','482.6','479.7','485.5','111561','19773580'
'2014','Pennsylvania','All Types of Cancer','483.1','479.7','486.6','78455','12790341'
'2014','Rhode Island','All Types of Cancer','484.4','472.1','496.9','6254','1054782'
'2014','New Mexico','All Types of Cancer','380.5','372.6','388.5','9240','2083207'
'2014','Arizona','All Types of Cancer','392.3','387.9','396.8','30812','6706435'
'2014','Nevada','All Types of Cancer','394.1','387','401.3','12417','2831730'
'2014','California','All Types of Cancer','406.7','404.8','408.7','166220','38701278'
'2014','Colorado','All Types of Cancer','404.2','398.9','409.7','22815','5342311'
'2014','Hawaii','All Types of Cancer','408.1','398.3','418.1','7015','1417710'
'2014','Texas','All Types of Cancer','411.4','408.9','413.9','107950','26954436'
'2014','Utah','All Types of Cancer','403.5','395.5','411.6','10139','2938671'
'2014','Wyoming','All Types of Cancer','402.7','387.1','418.8','2670','583334'
'2014','Alaska','All Types of Cancer','417.7','401.1','434.9','2772','736759'
'2014','Virginia','All Types of Cancer','422.9','418.7','427.2','39500','8316902'
'2015','Alabama','All Types of Cancer','452.6','447','458.2','26594','4850858'
'2015','Idaho','All Types of Cancer','446.7','436.9','456.7','8241','1649324'
'2015','Maryland','All Types of Cancer','452.7','447.6','457.9','31255','6000561'
'2015','Massachusetts','All Types of Cancer','457.9','453.2','462.7','37469','6794002'
'2015','Michigan','All Types of Cancer','448.2','444.3','452.1','54696','9918170'
'2015','Missouri','All Types of Cancer','455.3','450.4','460.4','33388','6072640'
'2015','North Dakota','All Types of Cancer','451.1','436.4','466.2','3776','754859'
'2015','Oklahoma','All Types of Cancer','455.3','449','461.8','20311','3904353'
'2015','South Dakota','All Types of Cancer','442.3','429','455.9','4450','854036'
'2015','Vermont','All Types of Cancer','445.3','430.4','460.6','3688','624455'
'2015','Washington','All Types of Cancer','437.1','432.5','441.8','35666','7152818'
'2015','Arkansas','All Types of Cancer','478.9','471.6','486.3','17176','2975626'
'2015','Connecticut','All Types of Cancer','466.8','460.3','473.3','20918','3593862'
'2015','Florida','All Types of Cancer','458.6','456','461.2','126935','20268567'
'2015','Georgia','All Types of Cancer','466.2','462','470.4','50335','10199533'
'2015','Illinois','All Types of Cancer','469.6','466','473.2','69198','12862051'
'2015','Indiana','All Types of Cancer','465.9','461','470.9','35424','6610596'
'2015','Kansas','All Types of Cancer','469.3','461.8','476.9','15539','2905789'
'2015','Louisiana','All Types of Cancer','480.2','474.2','486.3','25347','4671211'
'2015','Maine','All Types of Cancer','472.9','462.7','483.4','8776','1327787'
'2015','Minnesota','All Types of Cancer','479.9','474.4','485.4','30537','5483238'
'2015','Mississippi','All Types of Cancer','465.5','458.1','472.9','16029','2985297'
'2015','Montana','All Types of Cancer','465.9','453.9','478.1','6164','1028317'
'2015','Nebraska','All Types of Cancer','459.6','450.4','469','9915','1893564'
'2015','New Hampshire','All Types of Cancer','474.2','463.5','485','8121','1330134'
'2015','North Carolina','All Types of Cancer','470.7','466.7','474.7','55562','10041769'
'2015','Ohio','All Types of Cancer','471.6','468','475.3','67003','11606027'
'2015','Rhode Island','All Types of Cancer','467.6','455.6','479.9','6082','1055916'
'2015','South Carolina','All Types of Cancer','465.1','459.5','470.8','27951','4892423'
'2015','Tennessee','All Types of Cancer','469.5','464.6','474.4','36947','6590726'
'2015','West Virginia','All Types of Cancer','477.5','468.6','486.6','11799','1839767'
'2015','Wisconsin','All Types of Cancer','467.1','461.9','472.3','32695','5759744'
'2015','Delaware','All Types of Cancer','495.1','482.2','508.3','5920','944107'
'2015','Iowa','All Types of Cancer','481.1','473.9','488.3','18248','3118473'
'2015','Kentucky','All Types of Cancer','523.1','516.8','529.5','27479','4422057'
'2015','New Jersey','All Types of Cancer','483.1','478.9','487.4','51794','8960001'
'2015','New York','All Types of Cancer','481.4','478.6','484.3','112957','19819347'
'2015','Pennsylvania','All Types of Cancer','487.2','483.8','490.7','80003','12791124'
'2015','Nevada','All Types of Cancer','372.8','366','379.6','12180','2883057'
'2015','New Mexico','All Types of Cancer','376.2','368.4','384.1','9317','2082264'
'2015','Arizona','All Types of Cancer','385.8','381.4','390.2','31281','6802262'
'2015','Colorado','All Types of Cancer','393.3','388.1','398.5','22990','5440445'
'2015','District of Columbia','All Types of Cancer','399.6','384.2','415.4','2667','672736'
'2015','Wyoming','All Types of Cancer','392.5','377.1','408.3','2643','586102'
'2015','Alaska','All Types of Cancer','406.5','390.6','423','2831','737979'
'2015','California','All Types of Cancer','403.7','401.7','405.6','168868','39032444'
'2015','Hawaii','All Types of Cancer','410.7','400.9','420.6','7219','1426320'
'2015','Texas','All Types of Cancer','405.5','403.1','408','109735','27454880'
'2015','Utah','All Types of Cancer','407.1','399.2','415.1','10529','2984917'
'2015','Virginia','All Types of Cancer','411.6','407.5','415.8','39378','8366767'
'2015','Oregon','All Types of Cancer','417','411.2','422.9','20625','4016537'
'2016','Alabama','All Types of Cancer','457.8','452.2','463.4','27195','4860545'
'2016','Idaho','All Types of Cancer','439.2','429.6','449','8354','1680026'
'2016','Indiana','All Types of Cancer','443','438.2','447.8','34260','6634007'
'2016','Kansas','All Types of Cancer','457.3','449.9','464.8','15312','2907731'
'2016','Maryland','All Types of Cancer','440.9','435.8','445.9','30942','6024752'
'2016','Michigan','All Types of Cancer','436.8','433','440.6','53911','9933445'
'2016','Minnesota','All Types of Cancer','455.7','450.3','461','29619','5525050'
'2016','Missouri','All Types of Cancer','446.3','441.3','451.2','33171','6091176'
'2016','Montana','All Types of Cancer','456.6','444.8','468.6','6194','1038656'
'2016','Nebraska','All Types of Cancer','446.4','437.4','455.6','9838','1907603'
'2016','North Dakota','All Types of Cancer','448.7','434','463.8','3765','755548'
'2016','Ohio','All Types of Cancer','456.1','452.5','459.7','65645','11622554'
'2016','Oklahoma','All Types of Cancer','447.9','441.6','454.3','20167','3921207'
'2016','Rhode Island','All Types of Cancer','450.6','438.9','462.6','5972','1057566'
'2016','South Carolina','All Types of Cancer','440.9','435.6','446.4','27313','4959822'
'2016','South Dakota','All Types of Cancer','449.5','436.1','463.1','4612','861542'
'2016','Tennessee','All Types of Cancer','455.7','450.9','460.5','36598','6649404'
'2016','Vermont','All Types of Cancer','442.4','427.6','457.7','3681','623354'
'2016','Washington','All Types of Cancer','445.1','440.5','449.8','37378','7280934'
'2016','Arkansas','All Types of Cancer','469.6','462.4','476.8','17053','2988231'
'2016','Connecticut','All Types of Cancer','465.5','459','472','21117','3587685'
'2016','Georgia','All Types of Cancer','468.8','464.7','473','52056','10313620'
'2016','Illinois','All Types of Cancer','462.8','459.3','466.3','68954','12835726'
'2016','Iowa','All Types of Cancer','473.6','466.5','480.7','18146','3130869'
'2016','Louisiana','All Types of Cancer','473.1','467.2','479.1','25451','4686157'
'2016','Maine','All Types of Cancer','473.4','463.1','483.8','8901','1330232'
'2016','Mississippi','All Types of Cancer','465.8','458.5','473.2','16265','2985415'
'2016','New Jersey','All Types of Cancer','474.8','470.6','479','51521','8978416'
'2016','New York','All Types of Cancer','474.8','472','477.7','113026','19836286'
'2016','North Carolina','All Types of Cancer','458.4','454.5','462.3','55394','10156689'
'2016','West Virginia','All Types of Cancer','472','463.2','481','11698','1828637'
'2016','Wisconsin','All Types of Cancer','458.6','453.5','463.7','32688','5772917'
'2016','Delaware','All Types of Cancer','487.2','474.6','500.1','6001','952698'
'2016','Kentucky','All Types of Cancer','509.7','503.5','516','27137','4436113'
'2016','New Hampshire','All Types of Cancer','480.9','470.3','491.8','8442','1335015'
'2016','Pennsylvania','All Types of Cancer','482.5','479.1','486','80089','12787085'
'2016','New Mexico','All Types of Cancer','359.4','351.8','367.1','9075','2085432'
'2016','Arizona','All Types of Cancer','376.3','372','380.5','31443','6908642'
'2016','District of Columbia','All Types of Cancer','378.3','363.5','393.7','2566','684336'
'2016','California','All Types of Cancer','385.6','383.7','387.5','164887','39296476'
'2016','Colorado','All Types of Cancer','388.8','383.7','394','23244','5530105'
'2016','Nevada','All Types of Cancer','385','378.2','391.8','13054','2939254'
'2016','Texas','All Types of Cancer','391.8','389.4','394.2','109083','27904862'
'2016','Utah','All Types of Cancer','390.6','383','398.3','10494','3044321'
'2016','Wyoming','All Types of Cancer','402.3','386.9','418.1','2775','584910'
'2016','Alaska','All Types of Cancer','405.8','390.1','421.9','2882','741522'
'2016','Florida','All Types of Cancer','419.3','416.9','421.8','119408','20656589'
'2016','Hawaii','All Types of Cancer','414.2','404.5','424.1','7395','1428683'
'2016','Massachusetts','All Types of Cancer','404.2','399.7','408.6','33626','6823721'
'2016','Oregon','All Types of Cancer','405.3','399.6','411','20596','4085989'
'2016','Virginia','All Types of Cancer','413.3','409.2','417.5','40322','8414380'
